case,file,P,H,F,formulation,status,objective,vars,constraints,cpu_s,wall_s,build_s,error
c13_loophole_test,c13_loophole_test.json,1,4,3,legacy_paper_c13,optimal,400.0,47,96,0.25601720809936523,0.536602,0.010607,
c13_loophole_test,c13_loophole_test.json,1,4,3,legacy_endpoint_split,optimal,400.0,47,117,0.296978235244751,0.565262,0.009113,
c13_loophole_test,c13_loophole_test.json,1,4,3,legacy_corrected,infeasible,,55,105,0.27154064178466797,0.567075,0.01199,
c13_loophole_test,c13_loophole_test.json,1,4,3,event_based,optimal,500.0,9,39,0.26199936866760254,0.53724,0.005623,
event_vs_legacy_clean_test,event_vs_legacy_clean_test.json,2,3,6,legacy_paper_c13,optimal,600.0,144,238,0.2705416679382324,0.541025,0.013304,
event_vs_legacy_clean_test,event_vs_legacy_clean_test.json,2,3,6,legacy_endpoint_split,optimal,600.0,144,280,0.2719151973724365,0.529126,0.01379,
event_vs_legacy_clean_test,event_vs_legacy_clean_test.json,2,3,6,legacy_corrected,optimal,600.0,160,256,0.270294189453125,0.539168,0.012877,
event_vs_legacy_clean_test,event_vs_legacy_clean_test.json,2,3,6,event_based,optimal,600.0,36,138,0.2573812007904053,0.513871,0.006798,
perf_p=10_h=15,perf_p=10_h=15.json,10,13,40,legacy_paper_c13,optimal,19586.0,2520,4304,0.3835158348083496,0.778894,0.171328,
perf_p=10_h=15,perf_p=10_h=15.json,10,13,40,legacy_endpoint_split,optimal,19586.0,2520,5084,0.39501190185546875,0.825539,0.188361,
perf_p=10_h=15,perf_p=10_h=15.json,10,13,40,legacy_corrected,optimal,19586.0,2660,4064,0.3450312614440918,0.700457,0.136941,
perf_p=10_h=15,perf_p=10_h=15.json,10,13,40,event_based,optimal,19586.0,1000,4398,0.32494163513183594,0.66914,0.068997,
perf_p=10_h=30,perf_p=10_h=30.json,10,13,40,legacy_paper_c13,optimal,19592.0,2520,4304,0.38094305992126465,0.774331,0.179744,
perf_p=10_h=30,perf_p=10_h=30.json,10,13,40,legacy_endpoint_split,optimal,19592.0,2520,5084,0.4091060161590576,0.84306,0.18047,
perf_p=10_h=30,perf_p=10_h=30.json,10,13,40,legacy_corrected,optimal,19592.0,2660,4064,0.3673677444458008,0.730964,0.136221,
perf_p=10_h=30,perf_p=10_h=30.json,10,13,40,event_based,optimal,19592.0,1000,4398,0.3269333839416504,0.678175,0.071175,
perf_p=10_h=7,perf_p=10_h=7.json,10,8,36,legacy_paper_c13,optimal,17526.0,1720,3035,0.3353843688964844,0.684969,0.139878,
perf_p=10_h=7,perf_p=10_h=7.json,10,8,36,legacy_endpoint_split,optimal,17526.0,1720,3315,0.3306136131286621,0.680945,0.084353,
perf_p=10_h=7,perf_p=10_h=7.json,10,8,36,legacy_corrected,optimal,17526.0,1810,3095,0.3149595260620117,0.643529,0.125054,
perf_p=10_h=7,perf_p=10_h=7.json,10,8,36,event_based,optimal,17526.0,900,4205,0.3060426712036133,0.642584,0.066774,
perf_p=20_h=15,perf_p=20_h=15.json,20,16,76,legacy_paper_c13,optimal,37127.0,10680,17393,0.7245440483093262,1.585853,0.834887,
perf_p=20_h=15,perf_p=20_h=15.json,20,16,76,legacy_endpoint_split,optimal,37127.0,10680,19793,0.8814835548400879,1.94214,0.828624,
perf_p=20_h=15,perf_p=20_h=15.json,20,16,76,legacy_corrected,optimal,37127.0,11020,16313,0.519977331161499,1.181098,0.512732,
perf_p=20_h=15,perf_p=20_h=15.json,20,16,76,event_based,optimal,37127.0,3800,17777,0.47699999809265137,1.079109,0.417931,
perf_p=20_h=30,perf_p=20_h=30.json,20,23,80,legacy_paper_c13,optimal,39221.0,13840,22704,1.0530436038970947,2.250653,1.372157,
perf_p=20_h=30,perf_p=20_h=30.json,20,23,80,legacy_endpoint_split,optimal,39221.0,13840,27764,1.6561329364776611,3.211234,1.41099,
perf_p=20_h=30,perf_p=20_h=30.json,20,23,80,legacy_corrected,optimal,39221.0,14320,19524,0.6336526870727539,1.396442,0.731032,
perf_p=20_h=30,perf_p=20_h=30.json,20,23,80,event_based,optimal,39221.0,4000,17598,0.5356740951538086,1.152358,0.406637,
perf_p=20_h=7,perf_p=20_h=7.json,20,8,70,legacy_paper_c13,optimal,34027.0,5900,13019,0.4589970111846924,1.056491,0.415079,
perf_p=20_h=7,perf_p=20_h=7.json,20,8,70,legacy_endpoint_split,optimal,34027.0,5900,13579,0.4570152759552002,1.110424,0.639644,
perf_p=20_h=7,perf_p=20_h=7.json,20,8,70,legacy_corrected,optimal,34027.0,6080,13139,0.43826746940612793,1.022226,0.324948,
perf_p=20_h=7,perf_p=20_h=7.json,20,8,70,event_based,optimal,34027.0,3500,19355,0.45206451416015625,1.061903,0.375601,
perf_p=40_h=15,perf_p=40_h=15.json,40,16,152,legacy_paper_c13,optimal,74205.0,38680,72449,1.9710021018981934,4.833232,3.3218,
perf_p=40_h=15,perf_p=40_h=15.json,40,16,152,legacy_endpoint_split,optimal,74205.0,38680,77249,2.5945141315460205,5.914195,3.538712,
perf_p=40_h=15,perf_p=40_h=15.json,40,16,152,legacy_corrected,optimal,74205.0,39360,70289,1.4004316329956055,3.565903,2.296815,
perf_p=40_h=15,perf_p=40_h=15.json,40,16,152,event_based,optimal,74205.0,15200,84773,2.0056543350219727,3.954574,1.967839,
perf_p=40_h=30,perf_p=40_h=30.json,40,31,156,legacy_paper_c13,optimal,76353.0,70760,107388,4.898878335952759,10.684445,7.365345,
perf_p=40_h=30,perf_p=40_h=30.json,40,31,156,legacy_endpoint_split,optimal,76353.0,70760,125988,7.47317361831665,14.948767,7.740555,
perf_p=40_h=30,perf_p=40_h=30.json,40,31,156,legacy_corrected,optimal,76353.0,72040,93828,2.0192997455596924,5.172029,3.516278,
perf_p=40_h=30,perf_p=40_h=30.json,40,31,156,event_based,optimal,76353.0,15600,73526,1.736985683441162,3.75962,2.186559,
perf_p=40_h=7,perf_p=40_h=7.json,40,8,140,legacy_paper_c13,optimal,68069.0,22480,75629,1.2358520030975342,3.146064,2.058465,
perf_p=40_h=7,perf_p=40_h=7.json,40,8,140,legacy_endpoint_split,optimal,68069.0,22480,76749,1.346874475479126,3.427685,2.090198,
perf_p=40_h=7,perf_p=40_h=7.json,40,8,140,legacy_corrected,optimal,68069.0,22840,75869,1.1276898384094238,2.840076,1.644698,
perf_p=40_h=7,perf_p=40_h=7.json,40,8,140,event_based,optimal,68069.0,14000,104189,1.9955501556396484,3.959205,1.972756,
perf_p=5_h=15,perf_p=5_h=15.json,5,8,20,legacy_paper_c13,optimal,9785.0,535,954,0.2815127372741699,0.571426,0.031391,
perf_p=5_h=15,perf_p=5_h=15.json,5,8,20,legacy_endpoint_split,optimal,9785.0,535,1094,0.2814915180206299,0.575405,0.03117,
perf_p=5_h=15,perf_p=5_h=15.json,5,8,20,legacy_corrected,optimal,9785.0,580,984,0.2844960689544678,0.565761,0.026283,
perf_p=5_h=15,perf_p=5_h=15.json,5,8,20,event_based,optimal,9785.0,250,1098,0.28001952171325684,0.56243,0.020789,
perf_p=5_h=30,perf_p=5_h=30.json,5,8,20,legacy_paper_c13,optimal,9819.0,535,954,0.2844820022583008,0.571024,0.030732,
perf_p=5_h=30,perf_p=5_h=30.json,5,8,20,legacy_endpoint_split,optimal,9819.0,535,1094,0.2846107482910156,0.570638,0.031516,
perf_p=5_h=30,perf_p=5_h=30.json,5,8,20,legacy_corrected,optimal,9819.0,580,984,0.2850313186645508,0.562928,0.026065,
perf_p=5_h=30,perf_p=5_h=30.json,5,8,20,event_based,optimal,9819.0,250,1098,0.28818774223327637,0.578201,0.020355,
perf_p=5_h=7,perf_p=5_h=7.json,5,8,20,legacy_paper_c13,optimal,9800.0,535,954,0.2811257839202881,0.563775,0.031134,
perf_p=5_h=7,perf_p=5_h=7.json,5,8,20,legacy_endpoint_split,optimal,9800.0,535,1094,0.2884485721588135,0.578931,0.030778,
perf_p=5_h=7,perf_p=5_h=7.json,5,8,20,legacy_corrected,optimal,9800.0,580,984,0.2879974842071533,0.567332,0.026131,
perf_p=5_h=7,perf_p=5_h=7.json,5,8,20,event_based,optimal,9800.0,250,1098,0.2789900302886963,0.560555,0.02061,
