+Requests: 10
req0;z0;0;1072;127;car2,car3,car0,car1,car4;100;20
req1;z4;1;648;342;car2,car3,car1,car4,car5;100;20
req2;z4;1;889;166;car3;100;20
req3;z0;0;885;314;car1;100;20
req4;z2;0;780;312;car2,car3,car4,car5;100;20
req5;z0;1;763;265;car2,car3,car0,car1,car4;100;20
req6;z3;1;922;188;car2;100;20
req7;z4;0;568;175;car3,car0,car1;100;20
req8;z1;0;1034;128;car3,car0;100;20
req9;z4;0;539;335;car3;100;20
+Zones: 5
z0;z1
z1;z0,z2
z2;z1,z3
z3;z2,z4
z4;z3
+Vehicles: 6
car0
car1
car2
car3
car4
car5
+Days: 2
