assigned,assignment_cost,coverage_pct,family,ferry_cost,flights,label,maintenance_cost,maintenance_events,method,mip_gap,num_constraints,num_vars,solver,status,total_cost,wall_s
28,20513.0,100.0,A-only,0.0,28,feas_A_p4h7_d05,1400.0,14,greedy,,,,python,complete,21913.0,0.0013837001752108335
28,20513.0,100.0,A-only,0.0,28,feas_A_p4h7_d05,1400.0,14,insertion,,,,python,complete,21913.0,0.0037348000332713127
28,20513.0,100.0,A-only,0.0,28,feas_A_p4h7_d05,1400.0,14,greedy+insertion,,,,python,complete,21913.0,0.0013493001461029053
28,20513.0,100.0,A-only,0.0,28,feas_A_p4h7_d05,1400.0,14,repair,,,,python,complete,21913.0,0.0011020000092685223
28,20513.0,100.0,A-only,0.0,28,feas_A_p4h7_d05,1400.0,14,local_search,,,,python,complete,21913.0,0.019962799968197942
28,21014.0,100.0,A-only,42000.0,28,feas_A_p4h7_d05,1400.0,14,dijkstra,,,,python,complete,64414.0,0.02563480008393526
28,13027.0,100.0,A-only,0.0,28,feas_A_p4h7_d05,1400.0,14,aco,,,,python,complete,14427.0,0.1625566000584513
,13027.0,,A-only,0.0,28,feas_A_p4h7_d05,0.0,0,classical_milp,0.0,212,984,highs,optimal,13027.0,0.07971139997243881
,16523.0,,A-only,0.0,28,feas_A_p4h7_d05,1000.0,10,integrated_milp,0.0,1964,984,highs,optimal,17523.0,0.5423568999394774
16,11461.0,100.0,AB,0.0,16,feas_AB_p4h7_d05,800.0,8,greedy,,,,python,complete,12261.0,0.0007671001367270947
16,11461.0,100.0,AB,0.0,16,feas_AB_p4h7_d05,800.0,8,insertion,,,,python,complete,12261.0,0.0011736999731510878
16,11461.0,100.0,AB,0.0,16,feas_AB_p4h7_d05,800.0,8,greedy+insertion,,,,python,complete,12261.0,0.0005477999802678823
16,11461.0,100.0,AB,0.0,16,feas_AB_p4h7_d05,800.0,8,repair,,,,python,complete,12261.0,0.0005403999239206314
16,11461.0,100.0,AB,0.0,16,feas_AB_p4h7_d05,800.0,8,local_search,,,,python,complete,12261.0,0.005385000025853515
16,12446.0,100.0,AB,42000.0,16,feas_AB_p4h7_d05,800.0,8,dijkstra,,,,python,complete,55246.0,0.005930500105023384
16,7447.0,100.0,AB,0.0,16,feas_AB_p4h7_d05,800.0,8,aco,,,,python,complete,8247.0,0.08647560002282262
,7447.0,,AB,0.0,16,feas_AB_p4h7_d05,0.0,0,classical_milp,0.0,96,736,highs,optimal,7447.0,0.03604129981249571
,7447.0,,AB,0.0,16,feas_AB_p4h7_d05,400.0,4,integrated_milp,0.0,1440,736,highs,optimal,7847.0,0.262431199895218
8,3728.0,100.0,ABCD,0.0,8,feas_ABCD_p4h7_d05,400.0,4,greedy,,,,python,complete,4128.0,0.0005622999742627144
8,3728.0,100.0,ABCD,0.0,8,feas_ABCD_p4h7_d05,400.0,4,insertion,,,,python,complete,4128.0,0.00044739991426467896
8,3728.0,100.0,ABCD,0.0,8,feas_ABCD_p4h7_d05,400.0,4,greedy+insertion,,,,python,complete,4128.0,0.0002988001797348261
8,3728.0,100.0,ABCD,0.0,8,feas_ABCD_p4h7_d05,400.0,4,repair,,,,python,complete,4128.0,0.00027840002439916134
8,3728.0,100.0,ABCD,0.0,8,feas_ABCD_p4h7_d05,400.0,4,local_search,,,,python,complete,4128.0,0.001631000079214573
8,6733.0,100.0,ABCD,18000.0,8,feas_ABCD_p4h7_d05,400.0,4,dijkstra,,,,python,complete,25133.0,0.001208700006827712
8,3728.0,100.0,ABCD,0.0,8,feas_ABCD_p4h7_d05,400.0,4,aco,,,,python,complete,4128.0,0.029731000075116754
,3728.0,,ABCD,0.0,8,feas_ABCD_p4h7_d05,0.0,0,classical_milp,0.0,40,528,highs,optimal,3728.0,0.02444629999808967
,3728.0,,ABCD,0.0,8,feas_ABCD_p4h7_d05,400.0,4,integrated_milp,0.0,1018,528,highs,optimal,4128.0,0.14368549990467727
30,22954.0,100.0,A-only,0.0,30,feas_A_p4h7_d08,1500.0,15,greedy,,,,python,complete,24454.0,0.001356000080704689
30,22954.0,100.0,A-only,0.0,30,feas_A_p4h7_d08,1500.0,15,insertion,,,,python,complete,24454.0,0.004078499972820282
30,22954.0,100.0,A-only,0.0,30,feas_A_p4h7_d08,1500.0,15,greedy+insertion,,,,python,complete,24454.0,0.0012729000300168991
30,22954.0,100.0,A-only,0.0,30,feas_A_p4h7_d08,1500.0,15,repair,,,,python,complete,24454.0,0.0011728000827133656
30,22954.0,100.0,A-only,0.0,30,feas_A_p4h7_d08,1500.0,15,local_search,,,,python,complete,24454.0,0.023826699936762452
30,22420.0,100.0,A-only,48000.0,30,feas_A_p4h7_d08,1500.0,15,dijkstra,,,,python,complete,71920.0,0.028811800060793757
30,13942.0,100.0,A-only,0.0,30,feas_A_p4h7_d08,1500.0,15,aco,,,,python,complete,15442.0,0.17753019998781383
,13942.0,,A-only,0.0,30,feas_A_p4h7_d08,0.0,0,classical_milp,0.0,238,1016,highs,optimal,13942.0,0.07248339988291264
,17932.0,,A-only,0.0,30,feas_A_p4h7_d08,1100.0,11,integrated_milp,0.0,2026,1016,highs,optimal,19032.0,0.579275099793449
54,42121.0,100.0,A-only,18000.0,54,feas_A_p6h10_d05,2700.0,27,greedy,,,,python,complete,62821.0,0.0045022000558674335
54,42121.0,100.0,A-only,18000.0,54,feas_A_p6h10_d05,2700.0,27,insertion,,,,python,complete,62821.0,0.014875400112941861
54,42121.0,100.0,A-only,18000.0,54,feas_A_p6h10_d05,2700.0,27,greedy+insertion,,,,python,complete,62821.0,0.0034828002098947763
54,42121.0,100.0,A-only,18000.0,54,feas_A_p6h10_d05,2700.0,27,repair,,,,python,complete,62821.0,0.0033336998894810677
54,41624.0,100.0,A-only,12000.0,54,feas_A_p6h10_d05,2700.0,27,local_search,,,,python,complete,56324.0,0.24516250006854534
51,40685.0,94.44444444444444,A-only,102000.0,54,feas_A_p6h10_d05,2600.0,26,dijkstra,,,,python,partial,145285.0,0.20150350010953844
54,26099.0,100.0,A-only,0.0,54,feas_A_p6h10_d05,2700.0,27,aco,,,,python,complete,28799.0,0.5395782999694347
,25100.0,,A-only,0.0,54,feas_A_p6h10_d05,0.0,0,classical_milp,0.0,726,3060,highs,optimal,25100.0,0.24757700017653406
,32086.99999999997,,A-only,0.0,54,feas_A_p6h10_d05,2000.0000000001428,20,integrated_milp,0.0,6461,3060,highs,optimal,34087.00000000012,19.424959199968725
7,7000.0,87.5,capacity,30000.0,8,ABCD_cap_botl,300.0,3,greedy,,,,python,partial,37300.0,0.0005530999042093754
7,7000.0,87.5,capacity,30000.0,8,ABCD_cap_botl,300.0,3,insertion,,,,python,partial,37300.0,0.00039270007982850075
7,7000.0,87.5,capacity,30000.0,8,ABCD_cap_botl,300.0,3,greedy+insertion,,,,python,partial,37300.0,0.0004708000924438238
7,7000.0,87.5,capacity,30000.0,8,ABCD_cap_botl,300.0,3,repair,,,,python,partial,37300.0,0.0002943999134004116
7,7000.0,87.5,capacity,24000.0,8,ABCD_cap_botl,200.0,2,local_search,,,,python,partial,31200.0,0.0017389999702572823
7,7000.0,87.5,capacity,18000.0,8,ABCD_cap_botl,100.0,1,dijkstra,,,,python,partial,25100.0,0.0007672999054193497
7,7000.0,87.5,capacity,18000.0,8,ABCD_cap_botl,100.0,1,aco,,,,python,partial,25100.0,0.019112500129267573
,8000.0,,capacity,0.0,8,ABCD_cap_botl,0.0,0,classical_milp,0.0,32,648,highs,optimal,8000.0,0.04121530009433627
,8000.0,,capacity,0.0,8,ABCD_cap_botl,300.0,3,integrated_milp,0.0,1234,648,highs,optimal,8300.0,0.37732840003445745
11,11000.0,84.61538461538461,hierarchy,24000.0,13,ABCD_hier,300.0,3,greedy,,,,python,partial,35300.0,0.0005373000167310238
11,11000.0,84.61538461538461,hierarchy,24000.0,13,ABCD_hier,300.0,3,insertion,,,,python,partial,35300.0,0.0006881000008434057
11,11000.0,84.61538461538461,hierarchy,24000.0,13,ABCD_hier,300.0,3,greedy+insertion,,,,python,partial,35300.0,0.0010646998416632414
11,11000.0,84.61538461538461,hierarchy,24000.0,13,ABCD_hier,300.0,3,repair,,,,python,partial,35300.0,0.0005131999496370554
11,11000.0,84.61538461538461,hierarchy,18000.0,13,ABCD_hier,200.0,2,local_search,,,,python,partial,29200.0,0.005120400106534362
11,11000.0,84.61538461538461,hierarchy,18000.0,13,ABCD_hier,100.0,1,dijkstra,,,,python,partial,29100.0,0.0014044998679310083
11,11000.0,84.61538461538461,hierarchy,12000.0,13,ABCD_hier,100.0,1,aco,,,,python,partial,23100.0,0.03966900007799268
,13000.0,,hierarchy,0.0,13,ABCD_hier,0.0,0,classical_milp,0.0,85,1092,highs,optimal,13000.0,0.11821789992973208
,13000.0,,hierarchy,0.0,13,ABCD_hier,1700.0,17,integrated_milp,0.0,2445,1092,highs,optimal,14700.0,0.3957839999347925
20,20000.0,100.0,threshold,0.0,20,ABCD_near_thr,100.0,1,greedy,,,,python,complete,20100.0,0.001298899995163083
20,20000.0,100.0,threshold,0.0,20,ABCD_near_thr,100.0,1,insertion,,,,python,complete,20100.0,0.0022986000403761864
20,20000.0,100.0,threshold,0.0,20,ABCD_near_thr,100.0,1,greedy+insertion,,,,python,complete,20100.0,0.0011471000034362078
20,20000.0,100.0,threshold,0.0,20,ABCD_near_thr,100.0,1,repair,,,,python,complete,20100.0,0.0010829002130776644
20,20000.0,100.0,threshold,0.0,20,ABCD_near_thr,100.0,1,local_search,,,,python,complete,20100.0,0.014688299968838692
20,20000.0,100.0,threshold,6000.0,20,ABCD_near_thr,0.0,0,dijkstra,,,,python,complete,26000.0,0.013079699827358127
20,20000.0,100.0,threshold,0.0,20,ABCD_near_thr,0.0,0,aco,,,,python,complete,20000.0,0.11413170001469553
,20000.0,,threshold,0.0,20,ABCD_near_thr,0.0,0,classical_milp,0.0,248,2232,highs,optimal,20000.0,0.09608640009537339
,20000.0,,threshold,0.0,20,ABCD_near_thr,1100.0,11,integrated_milp,0.0,5280,2232,highs,optimal,21100.0,0.9499909000005573
14,14000.0,100.0,baseline,0.0,14,ABCD_no_maint,0.0,0,greedy,,,,python,complete,14000.0,0.000826000003144145
14,14000.0,100.0,baseline,0.0,14,ABCD_no_maint,0.0,0,insertion,,,,python,complete,14000.0,0.0013077000621706247
14,14000.0,100.0,baseline,0.0,14,ABCD_no_maint,0.0,0,greedy+insertion,,,,python,complete,14000.0,0.0006635000463575125
14,14000.0,100.0,baseline,0.0,14,ABCD_no_maint,0.0,0,repair,,,,python,complete,14000.0,0.0006540000904351473
14,14000.0,100.0,baseline,0.0,14,ABCD_no_maint,0.0,0,local_search,,,,python,complete,14000.0,0.005513599840924144
14,14000.0,100.0,baseline,0.0,14,ABCD_no_maint,0.0,0,dijkstra,,,,python,complete,14000.0,0.0037760999985039234
14,14000.0,100.0,baseline,0.0,14,ABCD_no_maint,0.0,0,aco,,,,python,complete,14000.0,0.05604359996505082
,14000.0,,baseline,0.0,14,ABCD_no_maint,0.0,0,classical_milp,0.0,70,872,highs,optimal,14000.0,0.03994280006736517
,14000.0,,baseline,0.0,14,ABCD_no_maint,0.0,0,integrated_milp,0.0,1806,872,highs,optimal,14000.0,0.29387980001047254
