label,family,p,flights,method,status,obj,assigned_str,assigned,coverage_pct,complete,wall_s
feas_A_p4h7_d05,A-only,4,28,classical_milp,optimal,13027.0,-,,,False,2.02
feas_A_p4h7_d05,A-only,4,28,integrated_milp,optimal,17523.0,-,,,False,2.32
feas_A_p4h7_d05,A-only,4,28,greedy,heuristic,20513.0,28/28,28,100.0,True,1.72
feas_A_p4h7_d05,A-only,4,28,insertion,heuristic,20513.0,28/28,28,100.0,True,1.76
feas_A_p4h7_d05,A-only,4,28,greedy_insertion,heuristic,20513.0,28/28,28,100.0,True,1.75
feas_A_p4h7_d05,A-only,4,28,repair,heuristic,20513.0,28/28,28,100.0,True,1.73
feas_A_p4h7_d05,A-only,4,28,local_search,heuristic,20513.0,28/28,28,100.0,True,1.8
feas_A_p4h7_d05,A-only,4,28,dijkstra,heuristic,63014.0,28/28,28,100.0,True,1.76
feas_A_p4h7_d05,A-only,4,28,aco,heuristic,13027.0,28/28,28,100.0,True,1.89
feas_AB_p4h7_d05,A+B,4,16,classical_milp,optimal,7447.0,-,,,False,2.0
feas_AB_p4h7_d05,A+B,4,16,integrated_milp,optimal,7847.0,-,,,False,1.96
feas_AB_p4h7_d05,A+B,4,16,greedy,heuristic,11461.0,16/16,16,100.0,True,1.73
feas_AB_p4h7_d05,A+B,4,16,insertion,heuristic,11461.0,16/16,16,100.0,True,2.05
feas_AB_p4h7_d05,A+B,4,16,greedy_insertion,heuristic,11461.0,16/16,16,100.0,True,1.75
feas_AB_p4h7_d05,A+B,4,16,repair,heuristic,11461.0,16/16,16,100.0,True,1.74
feas_AB_p4h7_d05,A+B,4,16,local_search,heuristic,11461.0,16/16,16,100.0,True,1.69
feas_AB_p4h7_d05,A+B,4,16,dijkstra,heuristic,54446.0,16/16,16,100.0,True,1.7
feas_AB_p4h7_d05,A+B,4,16,aco,heuristic,7447.0,16/16,16,100.0,True,1.87
feas_ABCD_p4h7_d05,A+B+C+D,4,8,classical_milp,optimal,3728.0,-,,,False,1.73
feas_ABCD_p4h7_d05,A+B+C+D,4,8,integrated_milp,optimal,4128.0,-,,,False,1.87
feas_ABCD_p4h7_d05,A+B+C+D,4,8,greedy,heuristic,3728.0,8/8,8,100.0,True,2.17
feas_ABCD_p4h7_d05,A+B+C+D,4,8,insertion,heuristic,3728.0,8/8,8,100.0,True,2.09
feas_ABCD_p4h7_d05,A+B+C+D,4,8,greedy_insertion,heuristic,3728.0,8/8,8,100.0,True,1.74
feas_ABCD_p4h7_d05,A+B+C+D,4,8,repair,heuristic,3728.0,8/8,8,100.0,True,1.65
feas_ABCD_p4h7_d05,A+B+C+D,4,8,local_search,heuristic,3728.0,8/8,8,100.0,True,1.69
feas_ABCD_p4h7_d05,A+B+C+D,4,8,dijkstra,heuristic,24733.0,8/8,8,100.0,True,1.73
feas_ABCD_p4h7_d05,A+B+C+D,4,8,aco,heuristic,3728.0,8/8,8,100.0,True,1.8
feas_A_p4h7_d08,A-only,4,30,classical_milp,optimal,13942.0,-,,,False,1.95
feas_A_p4h7_d08,A-only,4,30,integrated_milp,optimal,19032.0,-,,,False,2.6
feas_A_p4h7_d08,A-only,4,30,greedy,heuristic,22954.0,30/30,30,100.0,True,2.02
feas_A_p4h7_d08,A-only,4,30,insertion,heuristic,22954.0,30/30,30,100.0,True,1.93
feas_A_p4h7_d08,A-only,4,30,greedy_insertion,heuristic,22954.0,30/30,30,100.0,True,1.94
feas_A_p4h7_d08,A-only,4,30,repair,heuristic,22954.0,30/30,30,100.0,True,1.96
feas_A_p4h7_d08,A-only,4,30,local_search,heuristic,22954.0,30/30,30,100.0,True,1.97
feas_A_p4h7_d08,A-only,4,30,dijkstra,heuristic,70420.0,30/30,30,100.0,True,1.98
feas_A_p4h7_d08,A-only,4,30,aco,heuristic,13942.0,30/30,30,100.0,True,2.14
feas_A_p6h10_d05,A-only,6,54,classical_milp,optimal,25100.0,-,,,False,2.26
feas_A_p6h10_d05,A-only,6,54,integrated_milp,optimal,34087.0,-,,,False,23.06
feas_A_p6h10_d05,A-only,6,54,greedy,heuristic,60121.0,54/54,54,100.0,True,1.94
feas_A_p6h10_d05,A-only,6,54,insertion,heuristic,60121.0,54/54,54,100.0,True,2.02
feas_A_p6h10_d05,A-only,6,54,greedy_insertion,heuristic,60121.0,54/54,54,100.0,True,2.79
feas_A_p6h10_d05,A-only,6,54,repair,heuristic,60121.0,54/54,54,100.0,True,2.26
feas_A_p6h10_d05,A-only,6,54,local_search,heuristic,53624.0,54/54,54,100.0,True,2.49
feas_A_p6h10_d05,A-only,6,54,dijkstra,heuristic,142685.0,51/54,51,94.44,False,2.86
feas_A_p6h10_d05,A-only,6,54,aco,heuristic,26099.0,54/54,54,100.0,True,2.74
ABCD_cap_botl,curated,3,8,classical_milp,optimal,8000.0,-,,,False,2.02
ABCD_cap_botl,curated,3,8,integrated_milp,optimal,8300.0,-,,,False,2.52
ABCD_cap_botl,curated,3,8,greedy,heuristic,37000.0,7/8,7,87.5,False,1.85
ABCD_cap_botl,curated,3,8,insertion,heuristic,37000.0,7/8,7,87.5,False,1.87
ABCD_cap_botl,curated,3,8,greedy_insertion,heuristic,37000.0,7/8,7,87.5,False,1.81
ABCD_cap_botl,curated,3,8,repair,heuristic,37000.0,7/8,7,87.5,False,1.77
ABCD_cap_botl,curated,3,8,local_search,heuristic,31000.0,7/8,7,87.5,False,1.88
ABCD_cap_botl,curated,3,8,dijkstra,heuristic,25000.0,7/8,7,87.5,False,1.8
ABCD_cap_botl,curated,3,8,aco,heuristic,25000.0,7/8,7,87.5,False,1.81
ABCD_hier,curated,4,13,classical_milp,optimal,13000.0,-,,,False,1.98
ABCD_hier,curated,4,13,integrated_milp,optimal,14700.0,-,,,False,2.27
ABCD_hier,curated,4,13,greedy,heuristic,35000.0,11/13,11,84.62,False,1.73
ABCD_hier,curated,4,13,insertion,heuristic,35000.0,11/13,11,84.62,False,1.77
ABCD_hier,curated,4,13,greedy_insertion,heuristic,35000.0,11/13,11,84.62,False,1.78
ABCD_hier,curated,4,13,repair,heuristic,35000.0,11/13,11,84.62,False,1.77
ABCD_hier,curated,4,13,local_search,heuristic,29000.0,11/13,11,84.62,False,2.2
ABCD_hier,curated,4,13,dijkstra,heuristic,29000.0,11/13,11,84.62,False,1.97
ABCD_hier,curated,4,13,aco,heuristic,23000.0,11/13,11,84.62,False,1.91
ABCD_near_thr,curated,6,20,classical_milp,optimal,20000.0,-,,,False,2.05
ABCD_near_thr,curated,6,20,integrated_milp,optimal,21100.0,-,,,False,2.96
ABCD_near_thr,curated,6,20,greedy,heuristic,20000.0,20/20,20,100.0,True,1.94
ABCD_near_thr,curated,6,20,insertion,heuristic,20000.0,20/20,20,100.0,True,1.87
ABCD_near_thr,curated,6,20,greedy_insertion,heuristic,20000.0,20/20,20,100.0,True,1.78
ABCD_near_thr,curated,6,20,repair,heuristic,20000.0,20/20,20,100.0,True,1.89
ABCD_near_thr,curated,6,20,local_search,heuristic,20000.0,20/20,20,100.0,True,1.82
ABCD_near_thr,curated,6,20,dijkstra,heuristic,26000.0,20/20,20,100.0,True,1.84
ABCD_near_thr,curated,6,20,aco,heuristic,20000.0,20/20,20,100.0,True,1.89
ABCD_no_maint,curated,4,14,classical_milp,optimal,14000.0,-,,,False,1.83
ABCD_no_maint,curated,4,14,integrated_milp,optimal,14000.0,-,,,False,2.19
ABCD_no_maint,curated,4,14,greedy,heuristic,14000.0,14/14,14,100.0,True,1.82
ABCD_no_maint,curated,4,14,insertion,heuristic,14000.0,14/14,14,100.0,True,1.75
ABCD_no_maint,curated,4,14,greedy_insertion,heuristic,14000.0,14/14,14,100.0,True,1.82
ABCD_no_maint,curated,4,14,repair,heuristic,14000.0,14/14,14,100.0,True,1.85
ABCD_no_maint,curated,4,14,local_search,heuristic,14000.0,14/14,14,100.0,True,1.76
ABCD_no_maint,curated,4,14,dijkstra,heuristic,14000.0,14/14,14,100.0,True,1.85
ABCD_no_maint,curated,4,14,aco,heuristic,14000.0,14/14,14,100.0,True,1.75
