AID,Type,ID,From,To,Dep(min),Dur(min),Rem_A(min),Rem_B(min),Rem_C(days),Rem_D(days)
0,FERRY,FERRY,G,D,0.0,60.0,,,,
0,FLIGHT,F1,D,E,483.0,174.0,900.0,1800.0,19.665,22.665
0,FLIGHT,F41,E,J,6939.0,161.0,726.0,1626.0,15.181,18.181
0,FERRY,FERRY,J,G,7100.0,60.0,,,,
0,FLIGHT,F60,G,L,9459.0,156.0,565.0,1465.0,13.431,16.431
0,FERRY,FERRY,L,A,9615.0,60.0,,,,
0,FLIGHT,F91,A,I,15132.0,100.0,409.0,1309.0,9.492,12.492
0,FLIGHT,F107,I,G,19246.0,166.0,309.0,1209.0,6.635,9.635
0,FLIGHT,F115,G,C,19827.0,127.0,143.0,1043.0,6.231,9.231
0,MAINT,A,C,C,19954.0,90.0,,,,
0,FLIGHT,F119,C,D,21346.0,153.0,900.0,916.0,5.176,8.176
0,FLIGHT,F137,D,A,25217.0,83.0,747.0,763.0,2.488,5.488
0,FERRY,FERRY,A,H,25300.0,60.0,,,,
0,FLIGHT,F144,H,F,25668.0,83.0,664.0,680.0,2.175,5.175
1,FLIGHT,F2,E,D,651.0,166.0,900.0,1800.0,19.548,22.548
1,FLIGHT,F22,D,A,4753.0,107.0,734.0,1634.0,16.699,19.699
1,FERRY,FERRY,A,I,4860.0,60.0,,,,
1,FLIGHT,F36,I,A,6354.0,110.0,627.0,1527.0,15.588,18.587
1,FLIGHT,F44,A,H,7738.0,148.0,517.0,1417.0,14.626,17.626
1,FLIGHT,F48,H,J,7980.0,97.0,369.0,1269.0,14.458,17.458
1,FLIGHT,F61,J,B,9578.0,79.0,272.0,1172.0,13.349,16.349
1,FLIGHT,F76,B,J,12273.0,165.0,193.0,1093.0,11.477,14.477
1,FERRY,FERRY,J,K,12438.0,60.0,,,,
1,MAINT,A,K,K,12498.0,90.0,,,,
1,FLIGHT,F83,K,A,13837.0,179.0,900.0,928.0,10.391,13.391
1,FLIGHT,F87,A,D,15005.0,126.0,721.0,749.0,9.58,12.58
1,FERRY,FERRY,D,L,15131.0,60.0,,,,
1,FLIGHT,F114,L,B,19767.0,174.0,595.0,623.0,6.273,9.273
1,FERRY,FERRY,B,I,19941.0,60.0,,,,
1,FLIGHT,F141,I,G,25332.0,93.0,421.0,449.0,2.408,5.408
2,FERRY,FERRY,L,F,0.0,60.0,,,,
2,FLIGHT,F5,F,C,731.0,83.0,900.0,1800.0,19.492,22.492
2,FLIGHT,F39,C,D,6775.0,155.0,817.0,1717.0,15.295,18.295
2,FLIGHT,F52,D,F,8276.0,106.0,662.0,1562.0,14.253,17.253
2,FLIGHT,F54,F,G,8387.0,94.0,556.0,1456.0,14.176,17.176
2,FLIGHT,F56,G,K,9202.0,73.0,462.0,1362.0,13.61,16.61
2,FERRY,FERRY,K,H,9275.0,60.0,,,,
2,FLIGHT,F74,H,E,12113.0,147.0,389.0,1289.0,11.588,14.588
2,FERRY,FERRY,E,G,12260.0,60.0,,,,
2,FLIGHT,F99,G,B,17735.0,165.0,242.0,1142.0,7.684,10.684
2,FERRY,FERRY,B,A,17900.0,60.0,,,,
2,MAINT,A,A,A,17960.0,90.0,,,,
2,FLIGHT,F133,A,K,24143.0,109.0,900.0,977.0,3.234,6.234
3,FLIGHT,F4,B,I,699.0,170.0,900.0,1800.0,19.515,22.515
3,FLIGHT,F8,I,G,1139.0,73.0,730.0,1630.0,19.209,22.209
3,FLIGHT,F14,G,D,3385.0,120.0,657.0,1557.0,17.649,20.649
3,FLIGHT,F26,D,A,5065.0,70.0,537.0,1437.0,16.483,19.483
3,FERRY,FERRY,A,B,5135.0,60.0,,,,
3,FLIGHT,F43,B,K,7713.0,162.0,467.0,1367.0,14.644,17.644
3,FERRY,FERRY,K,F,7875.0,60.0,,,,
3,FLIGHT,F78,F,B,12456.0,74.0,305.0,1205.0,11.35,14.35
3,FERRY,FERRY,B,E,12530.0,60.0,,,,
3,FLIGHT,F104,E,H,19112.0,108.0,231.0,1131.0,6.728,9.728
3,MAINT,A,H,H,19220.0,90.0,,,,
3,FLIGHT,F126,H,F,23448.0,154.0,900.0,1023.0,3.717,6.717
3,FERRY,FERRY,F,E,23602.0,60.0,,,,
3,FLIGHT,F135,E,B,24936.0,180.0,746.0,869.0,2.683,5.683
4,FLIGHT,F12,G,E,2210.0,121.0,900.0,1800.0,18.465,21.465
4,FERRY,FERRY,E,G,2331.0,60.0,,,,
4,FLIGHT,F25,G,E,4994.0,80.0,779.0,1679.0,16.532,19.532
4,FLIGHT,F50,E,C,8123.0,163.0,699.0,1599.0,14.359,17.359
4,FLIGHT,F57,C,A,9289.0,150.0,536.0,1436.0,13.549,16.549
4,FLIGHT,F63,A,H,10442.0,150.0,386.0,1286.0,12.749,15.749
4,FLIGHT,F68,H,J,10743.0,76.0,236.0,1136.0,12.54,15.54
4,FLIGHT,F77,J,B,12441.0,68.0,160.0,1060.0,11.36,14.36
4,FERRY,FERRY,B,A,12509.0,60.0,,,,
4,MAINT,A,A,A,12569.0,90.0,,,,
4,FLIGHT,F82,A,J,13700.0,98.0,900.0,992.0,10.486,13.486
4,FLIGHT,F94,J,I,16488.0,111.0,802.0,894.0,8.55,11.55
4,FLIGHT,F105,I,E,19150.0,82.0,691.0,783.0,6.701,9.701
4,FLIGHT,F112,E,G,19707.0,162.0,609.0,701.0,6.315,9.315
4,FLIGHT,F116,G,A,20792.0,109.0,447.0,539.0,5.561,8.561
4,FLIGHT,F118,A,F,21128.0,112.0,338.0,430.0,5.328,8.328
4,FERRY,FERRY,F,G,21240.0,60.0,,,,
4,FLIGHT,F120,G,L,22001.0,174.0,226.0,318.0,4.722,7.722
4,MAINT,B,L,L,22175.0,180.0,,,,
4,FLIGHT,F143,L,F,25599.0,177.0,900.0,1800.0,2.223,5.223
5,FLIGHT,F7,G,J,1137.0,141.0,900.0,1800.0,19.21,22.21
5,FLIGHT,F28,J,C,5199.0,66.0,759.0,1659.0,16.39,19.39
5,FERRY,FERRY,C,F,5265.0,60.0,,,,
5,FLIGHT,F33,F,E,6143.0,168.0,693.0,1593.0,15.734,18.734
5,FLIGHT,F55,E,F,8392.0,133.0,525.0,1425.0,14.172,17.172
5,FERRY,FERRY,F,C,8525.0,60.0,,,,
5,FLIGHT,F72,C,D,11944.0,122.0,392.0,1292.0,11.706,14.706
5,FERRY,FERRY,D,A,12066.0,60.0,,,,
5,FLIGHT,F98,A,I,17730.0,155.0,270.0,1170.0,7.688,10.688
5,FLIGHT,F122,I,D,22263.0,66.0,115.0,1015.0,4.54,7.54
5,MAINT,A,D,D,22329.0,90.0,,,,
5,FLIGHT,F129,D,J,23756.0,73.0,900.0,949.0,3.503,6.503
5,FERRY,FERRY,J,E,23829.0,60.0,,,,
5,FLIGHT,F136,E,K,25160.0,75.0,827.0,876.0,2.528,5.528
6,FERRY,FERRY,H,A,0.0,60.0,,,,
6,FLIGHT,F13,A,J,2509.0,91.0,900.0,1800.0,18.258,21.258
6,FERRY,FERRY,J,G,2600.0,60.0,,,,
6,FLIGHT,F53,G,D,8294.0,116.0,809.0,1709.0,14.24,17.24
6,FLIGHT,F73,D,G,11949.0,85.0,693.0,1593.0,11.702,14.702
6,FLIGHT,F85,G,C,14052.0,108.0,608.0,1508.0,10.242,13.242
6,FLIGHT,F89,C,L,15062.0,75.0,500.0,1400.0,9.54,12.54
6,FERRY,FERRY,L,G,15137.0,60.0,,,,
6,FLIGHT,F95,G,J,16694.0,174.0,425.0,1325.0,8.407,11.407
6,FERRY,FERRY,J,I,16868.0,60.0,,,,
6,FLIGHT,F124,I,L,22414.0,145.0,251.0,1151.0,4.435,7.435
7,FERRY,FERRY,K,F,0.0,60.0,,,,
7,FLIGHT,F16,F,I,3502.0,121.0,900.0,1800.0,17.568,20.568
7,FLIGHT,F34,I,F,6212.0,136.0,779.0,1679.0,15.686,18.686
7,FLIGHT,F47,F,H,7960.0,146.0,643.0,1543.0,14.472,17.472
7,FERRY,FERRY,H,I,8106.0,60.0,,,,
7,FLIGHT,F66,I,J,10644.0,163.0,497.0,1397.0,12.608,15.608
7,FLIGHT,F93,J,L,16452.0,127.0,334.0,1234.0,8.575,11.575
7,FERRY,FERRY,L,E,16579.0,60.0,,,,
7,FLIGHT,F102,E,K,17862.0,129.0,207.0,1107.0,7.596,10.596
7,MAINT,A,K,K,17991.0,90.0,,,,
7,FLIGHT,F108,K,B,19413.0,84.0,900.0,978.0,6.519,9.519
7,FERRY,FERRY,B,A,19497.0,60.0,,,,
7,FLIGHT,F134,A,B,24934.0,74.0,816.0,894.0,2.685,5.685
8,FLIGHT,F6,I,D,897.0,91.0,900.0,1800.0,19.377,22.377
8,FLIGHT,F11,D,K,2209.0,70.0,809.0,1709.0,18.466,21.466
8,FLIGHT,F31,K,G,5328.0,161.0,739.0,1639.0,16.3,19.3
8,FERRY,FERRY,G,I,5489.0,60.0,,,,
8,FLIGHT,F40,I,L,6906.0,179.0,578.0,1478.0,15.204,18.204
8,FLIGHT,F70,L,I,10946.0,142.0,399.0,1299.0,12.399,15.399
8,FERRY,FERRY,I,K,11088.0,60.0,,,,
8,FLIGHT,F79,K,I,12491.0,168.0,257.0,1157.0,11.326,14.326
8,MAINT,A,I,I,12659.0,90.0,,,,
8,FLIGHT,F103,I,C,17927.0,152.0,900.0,989.0,7.551,10.551
8,FLIGHT,F106,C,G,19222.0,112.0,748.0,837.0,6.651,9.651
8,FERRY,FERRY,G,K,19334.0,60.0,,,,
8,FLIGHT,F113,K,C,19765.0,112.0,636.0,725.0,6.274,9.274
8,FLIGHT,F128,C,L,23622.0,156.0,524.0,613.0,3.596,6.596
8,FERRY,FERRY,L,E,23778.0,60.0,,,,
8,FLIGHT,F142,E,L,25350.0,94.0,368.0,457.0,2.396,5.396
9,FLIGHT,F3,F,B,691.0,140.0,900.0,1800.0,19.52,22.52
9,FLIGHT,F18,B,C,3831.0,71.0,760.0,1660.0,17.34,20.34
9,FLIGHT,F19,C,E,4055.0,107.0,689.0,1589.0,17.184,20.184
9,FERRY,FERRY,E,I,4162.0,60.0,,,,
9,FLIGHT,F38,I,L,6666.0,92.0,582.0,1482.0,15.371,18.371
9,FLIGHT,F59,L,K,9337.0,171.0,490.0,1390.0,13.516,16.516
9,FLIGHT,F75,K,G,12135.0,141.0,319.0,1219.0,11.573,14.573
9,FLIGHT,F80,G,C,13482.0,161.0,178.0,1078.0,10.637,13.637
9,FERRY,FERRY,C,K,13643.0,60.0,,,,
9,MAINT,A,K,K,13703.0,90.0,,,,
9,FLIGHT,F84,K,H,13994.0,150.0,900.0,917.0,10.282,13.282
9,FLIGHT,F86,H,C,14880.0,85.0,750.0,767.0,9.667,12.667
9,FLIGHT,F111,C,H,19639.0,132.0,665.0,682.0,6.362,9.362
9,FERRY,FERRY,H,G,19771.0,60.0,,,,
9,FLIGHT,F117,G,B,21055.0,72.0,533.0,550.0,5.378,8.378
10,FLIGHT,F10,L,E,1978.0,131.0,900.0,1800.0,18.626,21.626
10,FERRY,FERRY,E,B,2109.0,60.0,,,,
10,FLIGHT,F27,B,I,5088.0,140.0,769.0,1669.0,16.467,19.467
10,FLIGHT,F37,I,E,6628.0,178.0,629.0,1529.0,15.397,18.397
10,FERRY,FERRY,E,A,6806.0,60.0,,,,
10,FLIGHT,F67,A,I,10719.0,136.0,451.0,1351.0,12.556,15.556
10,FERRY,FERRY,I,H,10855.0,60.0,,,,
10,FLIGHT,F96,H,D,16922.0,137.0,315.0,1215.0,8.249,11.249
10,FERRY,FERRY,D,G,17059.0,60.0,,,,
10,FLIGHT,F127,G,F,23528.0,170.0,178.0,1078.0,3.661,6.661
10,MAINT,A,F,F,23698.0,90.0,,,,
10,FLIGHT,F138,F,A,25265.0,84.0,900.0,908.0,2.455,5.455
11,FLIGHT,F15,B,H,3483.0,151.0,900.0,1800.0,17.581,20.581
11,FERRY,FERRY,H,F,3634.0,60.0,,,,
11,FLIGHT,F29,F,J,5241.0,112.0,749.0,1649.0,16.36,19.36
11,FERRY,FERRY,J,A,5353.0,60.0,,,,
11,FLIGHT,F58,A,J,9308.0,168.0,637.0,1537.0,13.536,16.536
11,FERRY,FERRY,J,K,9476.0,60.0,,,,
11,FLIGHT,F90,K,D,15099.0,113.0,469.0,1369.0,9.515,12.515
11,FERRY,FERRY,D,G,15212.0,60.0,,,,
11,FLIGHT,F123,G,B,22276.0,169.0,356.0,1256.0,4.531,7.531
12,FLIGHT,F9,J,E,1971.0,93.0,900.0,1800.0,18.631,21.631
12,FERRY,FERRY,E,I,2064.0,60.0,,,,
12,FLIGHT,F23,I,F,4795.0,140.0,807.0,1707.0,16.67,19.67
12,FLIGHT,F35,F,H,6218.0,89.0,667.0,1567.0,15.682,18.682
12,FLIGHT,F45,H,E,7792.0,103.0,578.0,1478.0,14.589,17.589
12,FERRY,FERRY,E,I,7895.0,60.0,,,,
12,FLIGHT,F69,I,D,10838.0,125.0,475.0,1375.0,12.474,15.474
12,FLIGHT,F88,D,I,15061.0,113.0,350.0,1250.0,9.541,12.541
12,FLIGHT,F97,I,H,17037.0,156.0,237.0,1137.0,8.169,11.169
12,FERRY,FERRY,H,K,17193.0,60.0,,,,
12,FLIGHT,F109,K,D,19428.0,63.0,81.0,981.0,6.508,9.508
12,MAINT,A,D,D,19491.0,90.0,,,,
12,FLIGHT,F131,D,J,24121.0,89.0,900.0,918.0,3.249,6.249
12,FERRY,FERRY,J,C,24210.0,60.0,,,,
12,FLIGHT,F139,C,F,25304.0,62.0,811.0,829.0,2.428,5.428
13,FERRY,FERRY,L,B,0.0,60.0,,,,
13,FLIGHT,F20,B,D,4064.0,128.0,900.0,1800.0,17.178,20.178
13,FLIGHT,F46,D,C,7826.0,101.0,772.0,1672.0,14.565,17.565
13,FLIGHT,F51,C,B,8261.0,126.0,671.0,1571.0,14.263,17.263
13,FERRY,FERRY,B,I,8387.0,60.0,,,,
13,FLIGHT,F64,I,E,10484.0,154.0,545.0,1445.0,12.719,15.719
13,FERRY,FERRY,E,A,10638.0,60.0,,,,
13,FLIGHT,F92,A,B,15413.0,96.0,391.0,1291.0,9.297,12.297
13,FLIGHT,F121,B,A,22014.0,61.0,295.0,1195.0,4.713,7.713
13,FERRY,FERRY,A,G,22075.0,60.0,,,,
13,FLIGHT,F125,G,B,22749.0,105.0,234.0,1134.0,4.202,7.202
14,FLIGHT,F17,C,H,3554.0,95.0,900.0,1800.0,17.532,20.532
14,FLIGHT,F24,H,K,4866.0,64.0,805.0,1705.0,16.621,19.621
14,FERRY,FERRY,K,L,4930.0,60.0,,,,
14,FLIGHT,F32,L,H,6124.0,85.0,741.0,1641.0,15.747,18.747
14,FLIGHT,F42,H,K,6949.0,110.0,656.0,1556.0,15.174,18.174
14,FLIGHT,F49,K,D,8088.0,171.0,546.0,1446.0,14.383,17.383
14,FLIGHT,F65,D,E,10599.0,62.0,375.0,1275.0,12.64,15.64
14,FERRY,FERRY,E,C,10661.0,60.0,,,,
14,FLIGHT,F81,C,I,13634.0,137.0,313.0,1213.0,10.532,13.532
14,FLIGHT,F101,I,G,17822.0,83.0,176.0,1076.0,7.624,10.624
14,FERRY,FERRY,G,A,17905.0,60.0,,,,
14,MAINT,A,A,A,17965.0,90.0,,,,
14,FLIGHT,F110,A,E,19495.0,127.0,900.0,993.0,6.462,9.462
14,FLIGHT,F130,E,H,23758.0,97.0,773.0,866.0,3.501,6.501
14,FERRY,FERRY,H,J,23855.0,60.0,,,,
14,FLIGHT,F140,J,B,25331.0,70.0,676.0,769.0,2.409,5.409
15,FERRY,FERRY,J,B,0.0,60.0,,,,
15,FLIGHT,F21,B,G,4700.0,169.0,900.0,1800.0,16.736,19.736
15,FLIGHT,F30,G,D,5273.0,139.0,731.0,1631.0,16.338,19.338
15,FERRY,FERRY,D,I,5412.0,60.0,,,,
15,FLIGHT,F62,I,A,9636.0,171.0,592.0,1492.0,13.308,16.308
15,FLIGHT,F71,A,L,11062.0,180.0,421.0,1321.0,12.318,15.318
15,FERRY,FERRY,L,G,11242.0,60.0,,,,
15,FLIGHT,F100,G,B,17806.0,116.0,241.0,1141.0,7.635,10.635
15,FERRY,FERRY,B,G,17922.0,60.0,,,,
15,FLIGHT,F132,G,F,24132.0,94.0,125.0,1025.0,3.242,6.242
